"type","value","source"
"url","http://kutly.win/Nyq0r4","public"
"url","https://dscriy.chtq.net","public"
"domain","18os18.oss-cn-shanghai.aliyuncs.com","public"
"domain","22mm.oss-cn-hangzhou.aliyuncs.com","public"
"domain","3syd1z.oss-cn-beijing.aliyuncs.com","public"
"domain","50oos.oss-cn-shanghai.aliyuncs.com","public"
"domain","ali288.oss-cn-hangzhou.aliyuncs.com","public"
"domain","basdy1.oss-cn-beijing.aliyuncs.com","public"
"domain","c-i.icu","public"
"domain","cpanel.almalinux.company","public"
"domain","cpcalendars.addme.company","public"
"domain","cpcalendars.almalinux.company","public"
"domain","cpcontacts.addme.company","public"
"domain","fyge20.oss-cn-beijing.aliyuncs.com","public"
"domain","hvihei.oss-cn-beijing.aliyuncs.com","public"
"domain","jx2zg4.oss-cn-beijing.aliyuncs.com","public"
"domain","khec3y.oss-cn-beijing.aliyuncs.com","public"
"domain","kutly.pro","public"
"domain","mail.a3li.com","public"
"domain","mail.a3li.net","public"
"domain","mail.addme.company","public"
"domain","mail.pobc.live","public"
"domain","mail.sho-rt.info","public"
"domain","mail.wky.today","public"
"domain","omss.oss-cn-hangzhou.aliyuncs.com","public"
"domain","plusme.pro","public"
"domain","ry2ihs.oss-cn-beijing.aliyuncs.com","public"
"domain","s-s.today","public"
"domain","sho-rt.info","public"
"domain","sot18.oss-cn-shanghai.aliyuncs.com","public"
"domain","ss2bjo.oss-cn-beijing.aliyuncs.com","public"
"domain","sy4fiw.oss-cn-beijing.aliyuncs.com","public"
"domain","webmail.addme.company","public"
"domain","webmail.almalinux.company","public"
"domain","www.a3li.com","public"
"domain","www.c-panel.link","public"
"domain","www.kutly.net","public"
"domain","www.kutly.win","public"
"domain","www.plusme.pro","public"
"domain","www.pobc.live","public"
"domain","www.sho-rt.com","public"
"domain","www.sho-rt.info","public"
"domain","www.sho-rt.net","public"
"hash_sha256","0A4BBB998BD3A3BCC72CF759689A5656DC74590B731D0AFFBFC317CF484ED28B","public"
"hash_sha256","0F383B8F68F3B3C3A18EC778A1150563801B8716C7114432FF51A28FFF2963B4","public"
"hash_sha256","165DB952D8B0944D6C835C2AF0CDE274A9E12BD52A1665C314070BAD0BCF2B8B","public"
"hash_sha256","1A342426D59E7FDC4ABFB74C2225F68382172E03B0F8D496A57AE647411F0FBD","public"
"hash_sha256","1CE0367F66A3EE2E461CCB42AE7794622AA9FB3BF9BD8926E85260ED768FB17B","public"
"hash_sha256","1D9293814FA3CE62FA67C1CBB8661660FFE1CAA848142BA7F58DBBB60BC491BA","public"
"hash_sha256","2074EC1D3F58B19BD398B45AF71B9853D6C3A0FA7C7145D76208601CFB05D1D6","public"
"hash_sha256","224BECF3F19A3F69CA692D83A6FABFD2D78BAB10F4480FF6DA9716328E8FC727","public"
"hash_sha256","23012D0E71E40913967A511475B55690E34AFCAD72CA819B82C885A0DF8AEA79","public"
"hash_sha256","25B6F65C07B83293958C6F1E36D053B1D39C5DDE864FDE5CFC1834ECCA591139","public"
"hash_sha256","270FC72074C697BA5921F7B61A6128B968CA6CCBF8906645E796CFC3072D4C43","public"
"hash_sha256","27B313243DAF145C9105F5372E01F1CEA74C62697195C1A21C660BE5F7EE788C","public"
"hash_sha256","2B069DCDE43B874441F66D8888DCF6C24B451D648C8C265DFFB81C7DFFAFD667","public"
"hash_sha256","2E86456358046E347E05DCE6EF6E30AF92560901C145B95329FECAF6E64BD898","public"
"hash_sha256","32C451737246A8343D7975C5D6372F885E376339683BCFEF25107226B10E6290","public"
"hash_sha256","35DB3D73F8A56BFEF47ACB65CCC8A6A647FD383A03E618A2FFA05BE75A7A418C","public"
"hash_sha256","3E68E5742F998C5BA34C2130B2D89CA2A6C048FEB6474BC81FF000E1EAED044E","public"
"hash_sha256","461F5969B8F2196C630F0868C2AC717B11B1C51BC5B44B87F5AAD19E001869CC","public"
"hash_sha256","514933468AC1DD9F7DB4E2693F1BE7F84DEB35C33F8F9934FAD32CAAAE9EF611","public"
"hash_sha256","594D907855D35EE7689A568E4AC43E4E0ED90DE047D91B0253EF79DA71ECBC08","public"
"hash_sha256","5DD361BCC9BD33AF26FF28D321AD0F57457E15B4FAB6F124F779A01DF0ED02D0","public"
"hash_sha256","6166EF3871E1952B05BCE5A08A1DB685E27BD83AF83B0F92AF20139DC81A4850","public"
"hash_sha256","62F43B9C64C262FB907A36F5D8AF7D8E9515CABF3C5D2B522FE3E2D995056E90","public"
"hash_sha256","65A84F6A9B4CCDDCDAE812AB8783938E3F4C12CFBA670131B1A80395710C6FB4","public"
"hash_sha256","6C33715A14FDC917B5B09B6E1B5DAD07BB769493EAFBF7CA1023830B4059E003","public"
"hash_sha256","6EBE9D4CFFADF2566A960067FC226739DD74F361DCA0B0809DF66F1C7BB8049D","public"
"hash_sha256","7147672B45832714C8B3D075665345D0860E9EBB672C4B5CBBE17243270CA41D","public"
"hash_sha256","74CE9F196C930C50811E4640283779DDD971E6A5AD6771C0577A80147C12BD35","public"
"hash_sha256","81BD2A8D68509DD293A31DDD6D31262247A9BDE362C98CF71F86AE702BA90DB4","public"
"hash_sha256","85A77F08FD66AEABC887CB7D4EB8362259AFA9C3699A70E3B81EFAC9042BB255","public"
"hash_sha256","8B1B9A789136CA3ABE25938204845C351AAF0C97C0708ADE8D4D8BA4DED95BA7","public"
"hash_sha256","8D4F01AB275D51D02AB864FB5C449E23B799A60B6A12CEEC9A7F7C7E46E383B5","public"
"hash_sha256","945313EDD0703C966421211078911C4832A0D898F0774F049026FC8C9E7D1865","public"
"hash_sha256","9E4E2C92037F43441376685AF7F30C6DF602ED9706715073E696A6A178A4B5D7","public"
"hash_sha256","9F24F06F4B2341D285A5C3ACA32B2992628B43A16AD8DB65D73148D190942194","public"
"hash_sha256","A1B09720EDCAB4D396A53EC568FE6F4AB2851AD00C954255BF1A0C04A9D53D0A","public"
"hash_sha256","A2065EA035C4E391C0FD897A932DCFF34D2CCD34579844C732F3577BC443B196","public"
"hash_sha256","A2E937D0B9D5AFA5B638CD511807E0FCB44EC81B354E2CF0C406F19E5564E54E","public"
"hash_sha256","AEE8CA6BCFFF02AE0F931B76F48E39576477AF289385CBCDE27D3AC3E7FAE35E","public"
"hash_sha256","AFEC811864CCCA244A9EDA1591185CA8BF8060F62C098E13231463D76F5D9AFC","public"
"hash_sha256","B419964F0F219394BF9C6D5A9AA904796B14FDB2FE62B7079BBD0A48F4E902F1","public"
"hash_sha256","BD6EC04D41A5DA66D23533E586C939EECE483E9B105BD378053E6073DF50BA99","public"
"hash_sha256","CBF556EBC3ED7D3D3DDCD399F1A1F4212251B151F52CDAFC60C4676DC4DF60AB","public"
"hash_sha256","CCD1F9844B00059F6E35FDFF577AC93048F4D99B18162D3C56CFEB2D72B93AE4","public"
"hash_sha256","DFFBEEFC632B20D2EF867553684E9971AB76E1223E743604A5275713423B6168","public"
"hash_sha256","E132C9F60B893EE053CAA4CBFA8F85D85645B24EFCDB217AF343912F5EF0D518","public"
"hash_sha256","F4DD0A6594D50012B6B2E3FD578E40A2AA91DAE2C2454D04DF5C8C9898774DA6","public"
"hash_sha256","F5EE9514446BDE4267AC1ABCC6944C4ABDBB384F00C4C5B9CA2E5444332B0D97","public"
"hash_sha256","F663149D618BE90E5596B28103D38E963C44A69A5DE4A1BE62547259CA9FFD2D","public"
"hash_sha256","FE2046E479289B1013EB394F5B3D7A49A419CB98015ADD3EAD0FA87614FE6E38","public"
"hash_sha256","FF5A789D0DF1B28A183D7F256D3D4F649A16AE4679EF803D28CD9F7443416310","public"
"hash_sha1","48E75D6E2BDB2B00ECBF4801A98F96732E397858","public"
"hash_md5","571C2E8CFCD1669CC1E196A3F8200C4E","public"
"hash_md5","87393D765ABD8255B1D2DA2D8DC2BF7F","public"
"hash_md5","CD56A5A7835B71DF463EC416259E6F8F","public"
"hash_md5","EF153E1E216C80BE3FDD520DD92526F4","public"
